Product_ID,Product_Name,Category,Stock,Units_Sold,Price,Date,Supplier
P001,Laptop,Electronics,25,120,55000,2026-09-01,ABC Suppliers
P002,Wireless Mouse,Electronics,80,300,700,2026-09-01,XYZ Traders
P003,Keyboard,Electronics,60,180,1200,2026-09-02,PQR Supplies
P004,Monitor,Electronics,35,90,12000,2026-09-02,ABC Suppliers
P005,Printer,Electronics,100,15,12000,2026-09-03,ABC Suppliers
P006,USB Cable,Accessories,200,450,250,2026-09-03,XYZ Traders
P007,Power Bank,Accessories,90,220,1500,2026-09-04,PQR Supplies
P008,Notebook,Stationery,300,80,80,2026-09-04,Stationery Hub
P009,Pen Pack,Stationery,500,120,150,2026-09-05,Stationery Hub
P010,Desk Lamp,Home & Office,70,95,1800,2026-09-05,Office World
P011,Webcam,Electronics,45,140,2500,2026-09-06,XYZ Traders
P012,Headphones,Electronics,75,260,2200,2026-09-06,PQR Supplies
P013,External SSD,Electronics,30,110,7500,2026-09-07,ABC Suppliers
P014,HDMI Cable,Accessories,180,330,500,2026-09-07,XYZ Traders
P015,Office Chair,Home & Office,55,35,8500,2026-09-08,Office World
P016,Router,Networking,65,170,3200,2026-09-08,NetTech
P017,LAN Cable,Networking,250,400,180,2026-09-09,NetTech
P018,Smartphone Stand,Accessories,120,280,450,2026-09-09,PQR Supplies
P019,Tablet,Electronics,40,100,22000,2026-09-10,ABC Suppliers
P020,Scanner,Electronics,85,18,9000,2026-09-10,ABC Suppliers
P021,Calculator,Stationery,160,75,550,2026-09-11,Stationery Hub
P022,File Folder,Stationery,220,55,120,2026-09-11,Stationery Hub
P023,Bluetooth Speaker,Electronics,50,420,3000,2026-09-12,PQR Supplies
P024,Microphone,Electronics,35,85,4500,2026-09-12,XYZ Traders
P025,Charging Adapter,Accessories,110,310,900,2026-09-13,XYZ Traders
P026,SSD Enclosure,Accessories,90,70,1100,2026-09-13,PQR Supplies
P027,Projector,Electronics,25,40,28000,2026-09-14,ABC Suppliers
P028,Whiteboard,Home & Office,60,45,2200,2026-09-14,Office World
P029,Marker Set,Stationery,190,95,280,2026-09-15,Stationery Hub
P030,Keyboard Wrist Rest,Accessories,100,60,650,2026-09-15,PQR Supplies